Gender,Parental_Education,Test_Prep_Course,Study_Hours_Per_Week,Attendance_Percentage,Math_Score,Reading_Score,Writing_Score
Male,Master,None,10.533103002799761,86.33540904782282,67.20232321115176,73.97186628894035,68.55007840181489
Female,High School,None,5.993966923869696,83.47530163619456,63.3100568026932,70.688308105843,58.301820350433076
Male,High School,None,11.14059355301789,92.0810867668859,70.79812861932373,92.93008940489523,73.32806724697046
Male,Associate,None,11.83175723585147,94.56702316794585,84.74730587412388,84.58202209884631,67.45539561786153
Male,Master,None,11.67937134379312,77.14010539492051,72.34099414971901,76.48109894109506,63.748864546901416
Female,High School,Completed,13.242342176663865,71.68767046442221,65.04076208821418,80.1864200099086,67.38952941884433
Male,Associate,None,12.501766463646712,66.63794626896703,66.77646067652762,77.65237000326326,63.271915671623326
Male,Master,None,11.37754023768531,90.07991326912544,74.03425508198042,84.85656388778077,66.40466778897515
Male,Associate,None,9.789502865624058,73.96633393826127,68.15804525247465,71.07650368793465,59.580598812976774
Female,Bachelor,None,5.017117199452025,63.471094070475175,58.47203366425735,67.72018154995568,60.083278340534406
Male,High School,None,11.288854657397758,88.88578604530964,67.64473998922162,93.95925193227032,83.14254887499409
Male,Bachelor,None,10.623063061489333,100.0,81.82125651871576,95.82888484614297,78.87599261137278
Male,Master,None,10.814736511586121,84.93929088460106,73.29845448763957,82.61227001096493,69.02482689805478
Male,Bachelor,None,6.1697542725390715,93.38490774451643,72.38866279958869,76.24424744731382,61.361906413614506
Female,Bachelor,Completed,6.756830378775213,85.81829358547564,67.4887906914767,72.47399968666538,62.82200389745843
Male,Master,Completed,13.159458559998711,84.01110346808858,74.56462219534761,87.75842044718001,70.96459318678995
Female,Associate,None,9.881334538430036,94.19076482987768,75.2627818134658,88.42845181001509,78.60840051421808
Female,Bachelor,None,12.044502092117874,82.09725455811349,71.15750217927504,89.33309883777704,67.53714661055108
Female,Associate,None,10.084955128391384,87.67392314071903,79.38690752013527,85.98403703969917,71.98908126949704
Male,Bachelor,Completed,10.089268418487235,88.21697806196013,74.39358411131425,75.54868795610784,66.94448706084498
Female,Associate,None,12.814851417927994,78.31909546356951,84.29520399640579,86.47347249364829,75.09795057653116
Male,Master,None,8.451865815347878,94.92042349536523,74.06063930930526,79.63974968366888,82.17696806683759
Female,Bachelor,None,10.28836233082295,83.25040243304592,68.65989204361655,78.46292859630023,69.51934299987973
Female,Master,None,8.613174133884872,77.44254840507155,58.37905050724138,75.63629127512871,60.48876003589292
Female,Bachelor,None,8.696511317703052,90.36509843570404,63.5598734719784,92.24216348689683,78.31640955407211
Female,Master,None,9.072483629594082,76.01532018208962,58.23194763520553,89.76751033367171,67.9327765996051
Female,Master,None,10.666401314901139,85.28181157369129,75.30934167170534,85.2023042122474,72.75884462331412
Female,Bachelor,Completed,8.563754135009567,84.90881003355797,72.1255384029478,77.87493412904719,63.13466701823396
Female,Bachelor,Completed,13.767268376720562,95.85895565831578,77.55806107243835,95.83880420247306,86.24799473977926
Female,Bachelor,None,7.316178093341488,89.74698232879953,73.98103892146332,84.26073366666114,69.66088556035125
Male,High School,None,9.439385067515923,84.74973041254856,68.83833008288893,78.40557772101705,67.14063259783741
Male,Associate,None,8.680806825177475,93.17766299200287,74.68441020628413,92.90386481252955,76.14530264300163
Female,High School,None,14.3409336530612,98.90207549017313,96.19400819248608,97.0029995696527,91.29665641498882
Female,High School,None,10.589664329534724,90.57810306351863,80.95257677015641,87.72007377787024,73.56984519170665
Female,Master,None,13.095533618405906,85.10352619843381,77.40017709649956,89.03503740694144,85.39081514294917
Male,Bachelor,None,5.543318880889084,71.8816376764984,52.57149547295093,68.55189398030495,63.9122739948353
Female,Associate,None,10.801150797607777,74.34886336924627,58.01765627319217,80.0057467203075,71.41493101292292
Male,Master,Completed,12.668892386870311,81.94775295645333,72.71589465575518,80.08572442144285,70.91224527374187
Male,High School,None,10.246851967826272,78.90487797840717,68.89049173071766,74.92169596905354,66.9063432663241
Male,Bachelor,Completed,13.196441125196053,83.13028697014553,73.02212809970895,79.17206270502292,58.69928726729029
Male,Master,None,8.448134649698883,85.56649924897107,69.02323408842177,81.2096076770321,68.5732691708719
Male,Bachelor,None,14.228042320556739,90.2969275435673,83.98880782769098,94.41490252453606,84.75771187555046
Female,Master,Completed,16.89669437085775,84.29501221940909,84.81661494237964,93.2109132186915,79.32424465758268
Female,Bachelor,None,8.911484318681023,89.86501643826202,69.50546395237575,90.65869850771644,70.50100957215528
Female,High School,None,8.663492435797684,85.6447441481012,70.9926303054796,79.35410504841201,68.22126178584226
Female,Associate,None,14.360153431353103,65.24533433646128,73.55267727878389,79.03113902686898,76.74543880277264
Female,High School,Completed,14.738716437192137,75.60664606181246,71.82876051807628,77.01355791217911,72.84530490741689
Male,Associate,None,8.431419918540195,83.55912444278384,75.69706395720367,75.8471060311086,65.36766477805672
Female,Bachelor,None,8.73943954871243,72.90305257158893,63.437464721798015,75.32867965385088,70.02019010837114
Female,Master,None,9.154646173418477,90.99928729996205,73.90318411154222,87.57705219382066,73.22910665321626
Male,High School,None,5.966648466897169,100.0,75.47436905007713,82.48013796202484,62.464752435486275
Female,Associate,None,7.244044160547405,97.18761851697317,74.2479782358989,83.82064109171468,67.43418293272397
Male,High School,None,6.987577699743796,82.86557129069791,70.17362421440278,67.61134059063039,66.9035163150453
Female,Associate,None,7.696607304687615,99.90726136849952,76.78246611963411,84.70412177409808,71.39333201013196
Male,High School,None,9.895945337839656,86.48667457202112,69.97304108848768,86.18783856757108,72.73335095718178
Female,Associate,None,10.702644197609562,81.62914028881961,74.02737616565943,82.90747555023893,69.82678945881675
Female,Associate,Completed,14.651501478442231,78.8659733645906,73.01735860257645,86.80016484332376,83.96081482252404
Male,Bachelor,Completed,7.004937877783627,81.97530313511872,65.54032585200923,74.94145713365147,73.0829602837315
Male,Associate,None,12.952967195429752,81.11823181458772,76.29890034493106,83.13570567503814,82.6024657072712
Male,Bachelor,None,9.358033467323473,86.70416222375488,71.02756376016168,77.7579418378709,66.41112741829647
Male,Associate,None,9.851608871042702,86.60573981049865,72.36340009014008,85.23499929387592,74.66612187883621
Male,Master,Completed,12.024458476499811,85.03046020153414,67.15490182627849,86.15982855761716,66.34465009898977
Male,Master,Completed,6.631833935313104,89.3693816974635,65.20473418065315,81.02947416141174,77.20825145972077
Male,Master,Completed,11.147229238552152,96.90646274786342,81.21191435674159,87.23454729320838,68.94874007822703
Male,Associate,None,10.499356624639168,94.49554135441323,79.04576588647195,76.67964515025048,67.42759393901353
Female,Bachelor,None,11.477353792024447,70.15102031550097,62.89184203716958,79.79240643610574,63.34741251072037
Female,Bachelor,None,10.867505931723453,59.46078865098045,67.79394539326063,64.58354480813142,53.722501712811656
Male,Associate,None,17.365900419732682,94.34319911239274,87.57252615458923,93.34089127681905,75.48640086620674
Female,Master,None,8.086780047246052,71.33121301584579,66.68645260504869,73.39629243994652,60.67765764857813
Female,Master,None,8.407009134994547,82.75234598107316,70.3261630698841,75.30185809154007,62.54587295748716
Female,Bachelor,None,8.130578420725707,73.2988697394064,59.67945516193559,76.4748713949655,63.43855314134702
Female,Master,None,8.333568642519236,66.98019562419981,69.03378956018594,70.77350008618222,65.78546962784732
Male,High School,None,8.087838618080447,90.41462728204787,65.41480671840243,84.79838091235177,67.31439076456883
Female,Bachelor,None,13.567049593322656,92.59155160302647,88.02564585620856,84.07572679579718,73.36328857170709
Male,Master,None,14.261512743969565,79.2348959927328,83.14338507452042,89.99292663852604,83.08413707234864
Female,Bachelor,None,8.287761118751572,59.0895770785509,52.76720973139537,64.19164058142718,53.787330642574766
Female,High School,Completed,7.502933280687314,79.53755551747517,71.73697082043387,72.13054753528506,59.114843574490045
Female,Bachelor,None,11.414246669159212,88.91804005402547,76.0372807923364,86.18913637286535,72.79868597239103
Male,Bachelor,None,8.343330867157086,70.21088431225871,63.23557203684281,60.76035072359925,59.506906620682955
Female,Bachelor,Completed,11.898795453266532,86.83359919779156,78.51599969928495,86.9916167559781,75.56383155954927
Male,Bachelor,None,10.608769062553899,84.84690150827005,72.96944517189009,76.67443695788252,63.68347809326803
Female,High School,None,5.452767655008304,90.79291499601088,70.35603417382096,70.89154905090132,64.13262249666126
Male,Associate,None,14.642515603990185,86.19580368414154,86.3503766528122,81.06945968538074,64.34410699912247
Female,Bachelor,None,15.387633019286564,75.26931059118445,69.66726146797444,88.80647775859015,79.45197975908687
Male,Bachelor,None,8.161633928546841,96.96571501664491,81.3278265798069,82.27556293434327,72.86348688598346
Male,Master,Completed,8.836895320192047,83.4147042697303,61.068682835070874,85.97280409170874,72.23920091767258
Female,Bachelor,Completed,10.857596172174715,84.72695460490068,79.24140066850805,79.443559705941,64.36191877251665
Male,Master,Completed,11.003370369961075,75.66732040926804,75.47392662869409,68.36865801253771,55.26152179861288
Female,Associate,Completed,11.975632818018491,80.5671774880849,68.78002222900344,75.72113352013537,68.25099349783785
Female,High School,Completed,16.03061361629905,76.15197285973099,78.08314222269067,90.91616224032185,83.87783230470279
Female,High School,Completed,9.469158317517852,83.27053940076577,65.0450629929889,78.38657022705291,64.52271744649836
Female,Associate,None,7.605108266384638,100.0,74.1356113813256,83.66622591712397,74.2249142514566
Female,High School,Completed,5.862042315956418,71.28098857068643,55.824407496327346,67.36174774561042,48.45426310347799
Female,Associate,None,7.807209880174243,68.86438602123259,63.94491543231148,70.53836011383864,58.50759943778492
Female,Associate,None,9.90061908137861,99.71170327493608,86.2086335308233,95.26494466654187,81.05666106887898
Female,Associate,None,15.383673590553363,82.90676322848134,89.19914784929718,95.06206447238348,76.50123449299761
Female,High School,None,8.447166102891487,78.30927261340084,63.238128379591885,72.85746949343229,58.603443720797856
Female,Master,Completed,10.671363854916695,95.39904687396077,77.99614177809114,81.61623547634132,66.95409059872863
Female,Associate,Completed,9.950731311781745,78.94384460263136,60.95619396377442,75.22507792363506,66.64102598053991
Male,Bachelor,Completed,13.565179820344252,100.0,83.10100930820757,96.64917226343081,81.38269271871279
Male,High School,Completed,17.580797277620867,91.7792587133927,95.87548207742537,91.61995651341387,67.10480904410623
Female,Associate,Completed,8.407393681239038,80.12088591854297,74.95314443949071,70.89786749850911,51.114793235631964
Female,Associate,Completed,8.531681672445334,100.0,70.89161898549105,89.51646191641743,73.57884364384806
Female,Bachelor,Completed,13.132482631207216,78.94285076996661,72.77406935163327,81.82117265093854,72.7453710510186
Female,Master,Completed,12.045674468878934,92.42095372009307,80.16979701300977,88.68506891243217,62.21053091631957
Female,Master,None,15.5401219772081,87.99292580406492,86.4775126505467,87.31346177475076,72.35211853904246
Female,Master,Completed,11.751784555977892,98.01741289398798,78.46425795934154,90.28612099933079,74.59765751687753
Female,Associate,None,8.922123727638821,100.0,79.96455267759809,83.7620198701167,78.9513047871356
Female,Associate,None,11.771964492076927,85.32004149065767,73.83475299412811,88.30096368813392,73.71566189194282
Male,Associate,None,13.326110741748723,77.46582129653817,75.31287077737512,86.64490556416474,76.23086937503643
Female,High School,Completed,12.461446543592093,89.59972142939117,82.45417504189828,78.22106336183236,68.2831363899032
Male,Bachelor,None,11.521822093321893,78.22284630247894,72.18717868693794,74.56888662050815,54.00227689737052
Female,Associate,None,13.200024068767462,100.0,84.21811868490208,87.31738982770081,78.69494794531933
Female,Bachelor,Completed,13.507886771337018,86.36535331082737,79.65040117845857,83.83092247146746,73.14172050445542
Male,Bachelor,None,14.14647697311258,81.34678448687892,78.52453139363794,84.61059630284441,75.22982024064848
Female,Master,None,11.946129662768929,86.84680305864909,75.46560570545176,77.77905023085019,86.85442871686178
Male,High School,Completed,9.498645759049436,71.52873710470304,63.46767975711488,67.55591183576942,48.6241647711226
Female,Associate,Completed,10.440141059299968,75.28385961489349,76.51544777857026,70.81074049747855,70.27207564678838
Female,Master,None,13.61952689952507,97.00413907944426,88.54572057847847,94.66811044394888,79.29725075815732
Male,Master,None,7.549192987038292,78.43105721028604,62.8365129890738,73.72914549191032,65.4199609155433
Female,Associate,Completed,11.106019926618703,74.53089017318061,72.96225696238139,72.76887622715014,62.98753975521391
Male,Bachelor,Completed,8.819983563017917,90.36652752527286,71.1541334398922,83.33399622038758,69.54601530931984
Female,Master,None,10.086234468804452,96.85704154662997,84.46661289885711,85.51017620824832,70.55897632540487
Male,Bachelor,None,13.835355587821896,92.18953310665067,85.6136886899596,89.70847769409298,78.41432583313943
Male,High School,None,10.57329720405971,94.96047685805816,78.09032211712736,96.20349237241714,74.37692541457533
Female,Bachelor,None,10.139309644468446,77.43204911430539,71.23322847514098,83.37049919423764,75.44929519299895
Female,High School,None,5.920431577060242,70.78189333258156,49.37742906006877,59.851877180501305,50.800529719974776
Male,Bachelor,None,12.238760698081663,100.0,78.8436840516143,97.50680313651837,77.35509581401291
Female,Master,Completed,11.936452543423226,81.77320161157864,68.7898808606405,86.02558255453998,71.57040175365292
Female,Master,Completed,16.48976416991638,82.49166983544953,84.94007873137605,83.4883317123812,78.07641145421782
Female,High School,None,9.076665295140998,98.28194141849058,85.95687629695274,91.67805101258014,75.66576537498301
Male,Associate,None,10.657450982991817,90.5623000940066,87.75255274395009,93.01321612295445,81.20284098941165
Male,High School,None,10.748151051132266,89.55887772081607,79.46599646987636,79.24482917796597,64.74108196379541
Male,High School,None,14.732359839290423,100.0,91.96894205330314,92.51102565386431,82.79842977270954
Male,Bachelor,Completed,9.714113402839144,78.56481769619857,59.705346983013875,81.79836805619536,73.8662331389073
Male,Bachelor,None,10.837064577311018,94.27840128081237,76.09996079635812,89.1801141885822,85.5871355173478
Male,High School,None,11.823689529149618,85.57013124897084,72.49352592324345,86.83499441930455,73.59017580794757
Male,Master,Completed,10.559827369469074,87.68592278863257,71.85837814199886,85.15424080938563,76.46666667129804
Male,Bachelor,Completed,8.660699156348414,100.0,76.48067921977288,89.94452833916334,77.4459603690254
Male,Associate,None,10.582269978694923,90.07835756289624,73.84326585035232,78.28805886422472,74.10980600069485
Female,Bachelor,Completed,13.220895249579316,90.38296079049633,71.73677184252786,94.297707881774,76.84400436737555
Male,Bachelor,None,6.920454101766819,95.72507337309803,75.44299617067031,88.66367513864792,79.65596667530475
Female,Associate,Completed,10.398909022440629,81.35047270457115,66.1093392684678,78.2616934360635,66.63586826826739
Female,High School,None,7.89963755518248,76.60790332660994,65.29946109422568,72.59681357967037,62.756509978193804
Female,Associate,Completed,13.585139886774527,74.55190805978967,84.81664715219375,72.45331715325699,63.421416144847456
Male,High School,None,5.430439285648676,65.33643410623998,48.93217266648522,64.91879317230617,58.19623651997832
Male,High School,None,8.323234458185235,100.0,63.99503130263882,90.34513889584858,76.69496590106907
Male,High School,None,11.131635625193562,73.96791634278317,67.81720831237816,75.76724815846369,66.68736444262358
Male,Associate,None,14.696572087703021,82.78746376414227,86.29167423247003,92.3391031893924,86.76187283932485
Female,High School,None,9.802749216781036,82.2318670011108,80.51316920522044,77.37285787093833,71.82553472482677
Male,Master,Completed,8.334401419920404,88.07406697809101,64.55808835662422,83.16907194620322,75.88103051944705
Male,Associate,None,15.64347120832177,93.15737212539297,90.34912459552262,89.26130839425787,74.13134908528694
Male,Master,None,5.655958298751268,93.60473488359746,65.787731755401,79.52901762391419,64.17700995798972
Male,High School,None,3.403582130139754,79.16922561431062,55.86203529591414,66.73513727428181,63.16461261061421
Male,Bachelor,None,11.320043350159997,83.32878286213588,87.5261948664731,83.10387435272622,75.86333344482995
Female,High School,Completed,8.493837326942167,87.825799504883,63.385722764350064,78.58860104917626,75.23423421809592
Male,Master,Completed,6.93630154860786,82.51308873816453,66.39784577377085,74.25494258745216,61.384050940115586
Female,Master,None,12.12506934189806,100.0,86.58860454262329,97.31783987005463,81.70652861924198
Male,Associate,None,10.731402141313596,89.90974951638252,81.84661066551519,82.85913173560883,63.0898845758599
Female,Bachelor,None,8.307764107789815,92.34877786049817,73.2798329131832,74.83802737429023,62.90806636912782
Male,Associate,None,6.159086803987317,91.62881268667412,69.67283264883221,87.96383733901256,80.35392242410728
Male,Master,None,12.617371984840434,96.73473857485325,81.64387041999854,98.87417151562504,81.76686031635904
Female,High School,None,11.950603533875983,86.81021558703706,78.65194956749603,78.55072117750811,71.04297591801061
Female,Bachelor,Completed,9.702472408661851,72.03168052044154,63.70482370005742,76.22125595148367,65.02448923119789
Female,High School,Completed,15.539910988142998,88.99687951752642,88.68612118432947,89.19312033997363,77.9747814130867
Male,High School,Completed,6.789745701021542,78.4864310620817,60.974655252865766,73.59391326543664,58.13667366327098
Female,Bachelor,Completed,5.423424487225784,79.71383318250243,62.589267535213715,72.43455728540759,63.37369307649558
Male,Associate,Completed,7.924275790356267,90.86364018755093,71.13405760606311,80.23255879648335,54.23036718268307
Male,High School,Completed,9.863241950933507,97.38283071433636,84.04815051289603,84.30573302707009,71.51010563084614
Female,Master,Completed,10.730018347968075,85.21271576736062,73.80942596167402,78.76995172078718,59.863595158054046
Female,High School,Completed,9.27629182643101,88.08833012598964,63.731586374822434,77.18647623783409,72.77915357300135
Male,Bachelor,None,11.05616618954289,100.0,88.42193988265575,87.42513824316211,78.82714735835224
Male,Bachelor,Completed,6.245381727428668,87.40753179488568,61.66586784798709,76.47670021782763,68.5147150840925
Female,Bachelor,None,14.331293812219778,100.0,85.39375593119546,92.91814077277591,86.93954375401762
Female,Associate,None,9.753546464822293,90.65509645631545,71.85633468758485,87.4336378995858,70.20232771554446
Female,High School,None,13.351887494764384,67.39237240844182,77.27215165960376,82.8994854638913,80.05640436069083
Male,Associate,Completed,11.028176039133113,92.53341621104532,67.64468911389541,84.16204757847665,76.99059588408323
Male,Associate,None,11.370259657461352,88.81158384882778,92.83505390763656,86.53936229816559,73.04871340243774
Male,Bachelor,None,11.709301840696611,97.89752754082745,87.64765149713722,93.80089483705605,85.71881660555957
Male,Bachelor,None,11.343125680051944,91.73181351269959,79.66835268709949,89.41378798229405,70.99956282377708
Male,Associate,None,11.928168279602632,83.61544016016227,75.38958663620497,83.44129285508174,67.63046347642702
Male,High School,Completed,13.987457590397295,72.75701763710634,75.78119437363605,83.34880905965836,68.6360986315282
Female,Master,Completed,10.58956350910441,82.90976742713974,75.23962287367539,83.04145048334375,68.78827184635492
Male,Associate,None,12.127011272765536,76.494795457907,75.72749820423486,72.89908207225601,58.036477444003545
Male,High School,None,9.73079291713832,79.19476550195277,71.83699091527026,81.45882899882551,76.28247853453703
Male,Bachelor,None,14.320351646348419,90.88578404420609,84.53149872107612,95.44845208237999,80.06448966405483
Female,Bachelor,None,7.970823093822191,100.0,74.95495408610775,83.13980411984038,73.27436813765671
Male,High School,Completed,15.402821298732448,88.9467152982298,84.52263382831224,91.66195030427455,75.47780341135125
Male,Master,None,9.87952614806697,73.04116937964815,65.30509558419462,77.0606358139447,57.54549214841318
Female,Bachelor,Completed,5.707674693645855,89.4460266822014,71.80721321272773,76.18255895189282,67.29633395347136
Male,Bachelor,None,10.384313244732368,96.96631486645651,82.21956753409731,94.12114902580252,70.73564434354314
Male,Bachelor,None,7.9568450275753575,78.90217095680617,50.6628323602324,86.09593258854355,73.5335758404075
Male,High School,None,12.521930646966172,83.65982833327082,80.15327934321655,80.04886280723683,62.197515051625416
Male,Associate,Completed,8.042128062092827,85.14688194729197,69.63137807142552,71.24609824574554,71.93325859275048
Male,Bachelor,Completed,8.66144970035566,77.1510168691776,65.80486405307063,75.80187765006443,70.19831573092515
Female,Associate,None,4.331377807163407,91.4828043384386,62.46156551810168,79.99456183943899,69.52441842790859
Female,Master,Completed,8.64308104225277,83.79051851392218,74.8019849413967,77.08460080250862,72.98621403028024
Female,Bachelor,None,2.7283620201131296,89.19532443907028,64.79201857037569,79.87604101021702,64.66925292084494
Male,Bachelor,Completed,5.24829152954283,76.125078221979,54.69473383095711,61.8544552288854,57.20096107645878
Male,Master,None,12.281243968432893,80.62541699676589,76.91045787087141,85.26170926586693,74.2084195812871
Male,Bachelor,None,12.357400475952497,92.22381357827771,75.96842406833741,85.8410847571009,74.99296821234907
Female,Associate,Completed,11.276372685354895,81.27166847908234,66.2904887863063,89.27444964651824,82.78132721774844
Male,High School,None,7.099071570612361,100.0,71.0645570182749,95.61118412175914,85.15140781130631
Male,Associate,Completed,9.85686593157406,81.00363814385398,74.5275182969889,74.55419884475674,66.08697738993051
Female,High School,Completed,9.989192382728294,87.24684725751887,78.36743362109645,79.58411124906085,60.392851818107204
Male,High School,None,6.524905932422372,94.3259083187309,72.77819312469666,85.6808433247711,68.74444318341958
Female,Associate,None,14.510194905301452,70.81634267066968,78.05404008017774,77.31944471140642,66.24201110114652
Female,Associate,None,12.632086871727015,67.39191188019224,71.54102111912493,74.15622134604467,64.791838948219
Female,Associate,Completed,9.337107478511008,69.74343685429905,60.33852540805678,70.97866543305798,56.131913723076764
Male,Associate,None,10.080657516983592,97.62584103427182,81.1338482744728,79.09812511505021,80.33688346993227
Male,Master,None,10.625148423842658,79.48141854107553,74.99305374436149,78.55738502993812,75.42787830021837
Male,Bachelor,None,3.874795394727128,100.0,71.52104743852213,77.36355422176982,69.90143497937828
Male,High School,None,9.258467852438208,79.35752401342612,74.14026456896269,74.03660207471412,64.58946596619003
Male,Associate,None,7.9540472560066044,86.84551303197037,72.8723702640037,86.25653872053618,72.94418612692319
Male,Associate,None,6.995139970315254,100.0,75.74752097833843,79.21017548407659,63.60854808715009
Male,Associate,None,9.156699121342136,100.0,83.6641494342664,92.8010746157531,79.6282622851968
Female,Master,None,15.393059580548567,100.0,90.65351286485183,96.6947747191638,83.6445824760448
Male,Associate,None,11.922528583801029,97.08366230593143,77.97751506442918,89.73518941678122,70.57934865601686
Female,Associate,Completed,8.28646303065161,95.24062525811462,73.37790387064172,88.52592918110474,77.49162543110828
Male,Associate,None,11.717748344068475,90.92526949201184,75.17361821011062,88.83204068415426,75.28933730319967
Male,Bachelor,None,14.198066309758007,92.78361076166638,81.41204662547729,94.8203309077345,71.31722693680065
Male,Master,Completed,12.773901048738306,79.48814283671467,74.56928016225635,86.69466057780058,70.05380340834296
Female,Associate,Completed,10.178891109760523,76.81801116577692,64.8046881974097,74.70260144819032,62.694053491444045
Female,High School,None,8.059189666883277,84.96625542589048,67.0616993985166,75.00735408332045,74.44432155335731
Female,High School,None,12.09466994084077,83.29815377475072,66.37034343428796,77.6951445433226,69.93888125732687
Female,High School,None,11.18045615626525,80.46771950672725,73.66124060275881,75.92426328853944,59.06200278533209
Male,Master,Completed,12.685579660083196,91.96387447456715,81.35912393426108,100.0,87.43018144708819
Female,Master,None,11.905515405045909,94.5530520857051,77.00211369760342,95.81350226267585,73.91428186544887
Male,High School,Completed,13.148658145958006,85.88406886291847,82.53557906553728,79.49805670564798,74.01190063395376
Male,Associate,Completed,8.394294365318295,99.77530081055262,81.36408982404569,80.84433225059115,67.31984254138352
Female,Master,Completed,13.952182196902978,73.58310885866496,66.65811950129357,82.4874689191459,70.52179419162087
Female,High School,None,10.592798814077199,83.06340540720282,68.90367643892473,83.46356545232732,78.39983559957281
Female,High School,None,16.225782617875797,77.83177679397195,77.52174188380108,88.78215917978369,69.5899095009057
Female,Associate,None,7.932436545731297,66.33463382926939,54.33267450055296,65.4246561483901,50.35413399314712
Female,Bachelor,None,15.207891409495748,84.17319314157301,86.64975359943674,87.68848169917293,72.23278872760832
Female,Master,None,10.593732350387944,83.78252491616716,72.10959646499545,82.79951109607899,76.43150313195977
Female,Associate,None,8.045745989156655,100.0,74.76891777176026,87.49808401520163,67.4017368347771
Female,High School,None,8.548342497837035,91.30811684554777,62.73143159641418,71.51088199034655,48.047927601724396
Male,High School,None,9.038958075417039,74.75813175670795,68.63407218023418,72.26431801427435,60.55566011937449
Female,Associate,None,11.27249783920575,100.0,76.34870370414413,87.65171458750706,77.88007566956024
Female,Master,None,11.568506464106498,97.21033695525352,82.0418445571714,91.55501896385442,84.24532391977769
Male,Bachelor,None,8.278899988184262,90.82097703468615,73.35517318350256,96.83723121610514,80.15397816245712
Female,Bachelor,None,9.926936223217051,82.73515901150168,78.0247449313782,81.36890806909811,68.03799341969848
Male,High School,None,16.42681107583559,75.4056076327652,74.01232397245823,83.31593276255052,77.42224988131916
Male,Master,Completed,15.182629510302135,81.27793223928947,65.90666436114488,91.14971111891313,68.5710603966534
Female,Bachelor,None,11.308971009022097,95.88748619704185,81.4809328403336,91.90938766780432,76.58490625832842
Male,Master,None,10.114010434504602,100.0,89.23057677656347,92.27148810401611,79.76930993283818
Male,Master,None,10.360093980154783,100.0,86.91491972500677,93.57439393631053,82.1056087554736
Male,High School,None,11.840553918191251,80.11150578213726,74.78515780382426,91.11045217071694,75.33932827061915
Male,Bachelor,None,6.931622304404783,73.80382566710989,58.30697651420427,64.02528668024352,56.39243440272403
Female,Associate,Completed,9.227870387729965,86.40886246911204,75.6957849932025,83.05528344711944,59.0025899906306
Male,High School,None,4.994247778367232,67.31560634437149,48.77856773039787,58.24882982426604,48.30782179774359
Female,Bachelor,None,11.197669367815838,88.23167714184781,78.89296615333667,87.51307356854369,77.27800241760728
Male,Bachelor,None,11.941587819108223,83.52397413701331,78.17251350255623,78.43333365343985,62.83519675147848
Male,Bachelor,Completed,8.550440613101879,80.33963498131757,72.57174825435695,73.94260784041793,64.44900738028234
Male,Bachelor,None,14.721960289870099,69.05296932733205,87.76870543796161,77.03927246001484,68.86578047202536
Male,Bachelor,None,6.322703010992976,90.13600106569717,69.67548639072837,83.44473875263131,70.04304499781622
Female,Master,None,5.606875359370539,79.6729916033809,58.505428391894036,75.80638022079641,66.49742303161999
Female,High School,None,10.673355455679916,73.30083164289712,67.86925517184842,68.76194528702622,55.19589340319792
Male,Master,None,13.141294907836464,56.2773778671835,55.57589922481909,68.75303963706403,58.969375311171
Male,Associate,Completed,15.051783074373606,84.72485094949364,78.99242596804875,84.86468590751073,75.9428295739547
Female,Bachelor,None,8.62334721139318,100.0,75.20028223222084,81.6424962637131,71.09886181581265
Male,High School,Completed,13.236042500293888,100.0,83.85164301091481,93.76897849831897,77.0825264508355
Male,Bachelor,None,9.884474591497879,80.42903743413729,70.74524226023301,76.54172040545009,67.35445834581404
Male,High School,Completed,9.48211810017754,78.97787939638219,64.34107623663517,88.74348721982324,79.56783872904168
Female,Master,None,12.650979812460017,89.68774256075024,85.75098424191751,89.95391438194363,66.71342511266752
Female,High School,None,11.956968635240258,75.01614560811709,71.42304539913005,71.05705281395946,67.64101257594706
Female,Associate,None,5.270823529047252,88.01791899819466,64.50410495149876,72.89311667163297,61.633219643901015
Male,Associate,None,14.429621049177687,92.6608027838469,83.55016990771423,97.34782972122167,85.00571344317851
Male,High School,None,14.140274062442355,97.26933223884308,87.69116766360114,100.0,90.98623461822613
Female,High School,Completed,8.123311895471412,83.99845923520047,72.37134473188124,69.6541268231376,53.86493297235776
Female,High School,None,11.187410600312226,82.96326249823034,69.52080137118512,72.15945147371131,59.180356166831324
Female,High School,Completed,11.482090558848217,76.2201741324344,67.78368573853734,87.31006619459188,73.40530947629499
Female,Associate,None,10.782021297471722,76.73119645960139,68.41101068086081,79.15982070882293,64.40908896143621
Male,Bachelor,None,8.349084538463739,82.73521108098473,61.336420000053764,72.8232897969046,71.93331471670773
Female,High School,Completed,7.985129896185845,88.67365506816178,66.21079802784509,82.85503331578802,67.00016618349645
Male,High School,Completed,9.923337787025664,94.13584626233249,74.53349433749428,73.18777574285359,60.772486696848546
Female,Associate,None,13.518187057778094,76.96821049319655,79.8924252657181,81.47508441557088,71.20201269047159
Male,Associate,None,11.630800463783297,99.92688568959522,84.53785041737383,94.0414379736475,74.22240274853756
Female,Master,None,8.888157003741682,82.2887639895743,69.88864555910824,82.32684459704626,68.8830721188557
Female,High School,None,12.315096131945033,84.78632705651565,81.27784560298775,79.27496067036425,70.00723484254229
Female,Master,None,1.4543721381097736,77.52788320852177,50.98582693848345,64.12672393929452,54.637077129523064
Female,Associate,Completed,13.446297101116311,60.75759739727059,69.22371715051236,66.99688095973887,58.13057047329136
Male,Associate,None,4.780858663665701,93.8404539636105,65.96583554447417,79.75247915203643,66.15532275938729
Female,Bachelor,Completed,8.912677175790604,92.36843897092433,75.33638558404152,79.31334753442538,60.87832648163647
Male,High School,None,6.640990316121568,82.18672442881787,61.461549558594164,72.23301593567197,64.39437880523377
Male,Master,None,6.115955572837283,85.66990717224871,52.87277894041678,70.59680068865401,70.25210590915943
Male,Associate,None,13.482480362135558,90.159392177041,81.3732610018601,92.57503705854623,79.15203780075417
Male,Associate,None,8.596896396064325,69.37454143113457,68.99480418819564,73.81232503606057,65.17618061508621
Female,Master,None,11.039511645192148,79.70947322653706,76.56483691486079,78.21184855392339,71.033092618723
Male,Bachelor,Completed,9.859238263362448,92.94264679621827,81.01678734778989,85.74563544757477,67.24985587532633
Male,Associate,None,11.431122481669364,72.45710576830751,75.27145145652358,68.37799011032084,68.21496537890471
Male,High School,None,10.230465673180767,87.9355793216663,74.87200896200187,81.60866286273699,71.29857427230361
Female,Associate,None,6.151023327434292,71.43418195376594,59.00571616877953,66.83602107820228,66.62810135800737
Female,High School,Completed,12.98880045834142,89.66429982433526,77.72149135167872,100.0,81.33483502238005
Female,Master,None,8.518730250516063,84.64358517702516,67.77888880940947,73.00441135311837,72.49383869528383
Female,High School,None,5.330254304020746,68.8486818409449,58.16370527736965,71.62547675436025,66.17615887366212
Male,Master,None,8.715654517102262,96.64739354457171,81.77442799233445,91.04621176972546,80.60216984504217
Male,High School,None,14.502279371902933,77.65408423201951,77.13436948141063,84.74905161951678,73.96936356737916
Female,Master,None,12.55066522634048,76.89747562985619,71.29912194335199,88.7575856384001,74.76342542034784
Male,High School,None,8.954043596776422,87.00569197230944,71.41357297399055,82.49500794158462,76.99866464563706
Male,Bachelor,Completed,8.952226887044713,96.48637349428715,79.15367426587858,88.265960405479,76.31456767362344
Male,High School,None,9.035094846347853,74.84178181021603,58.271806517136014,73.19210809056366,53.71833795451517
Female,High School,None,16.23024395068252,85.61679849847971,73.7879823849187,96.83328943720474,76.8806992412288
Female,Bachelor,None,11.14580635669466,89.28816500330574,74.18301096758427,90.77395470607985,76.68993500390015
Male,Associate,None,11.29012494157321,91.93105607263143,72.44221578989135,83.9654346184576,73.72234261059387
Female,Associate,None,13.090850362095527,86.76441555277225,77.02320751234063,80.0986889018128,68.79600867695076
Female,High School,None,10.71636747707954,81.32972160916678,71.35869416465512,78.85748099414108,74.18083874428119
Female,Bachelor,None,9.22287356253789,76.7240977935128,64.54155397671711,70.86857619792627,51.9393516381479
Female,High School,Completed,9.410950452745066,85.86143883046375,79.01495799307574,80.31566610431908,69.97047256598105
Female,Master,None,9.785196221757808,74.27860988014393,68.34342120659917,80.43215093414378,60.25582462037926
Male,Master,None,9.888333290470475,55.78649516505393,59.17228596152206,61.017888759304114,57.612872484864134
Female,High School,Completed,12.18288863091094,89.36559804157667,82.15961200282723,86.67957486475454,73.87136631959362
Male,Associate,None,10.155837657421898,94.03934841086195,71.63718393137093,86.94747920669198,76.65603322547419
Male,Associate,None,12.197920231646737,61.37067564458162,70.27673722268563,74.3614401452455,60.16973731324757
Female,High School,None,9.757850259674253,74.90269295290062,66.58822556312151,63.34394449132873,62.072480251351735
Male,High School,None,10.235905570948272,91.19154261005198,79.4199855331286,82.03528244862713,75.83684927919596
Male,Master,None,4.0053979464036775,100.0,62.65150972760657,82.06451538100288,73.56933381986174
Male,Associate,Completed,12.748983024107444,85.20793707675408,70.3331407565116,91.24863156434792,77.35131901716113
Female,High School,None,11.039465427693978,77.71997058770866,75.02836443936744,75.73166825663513,68.48462103178376
Female,Master,None,12.994030329578957,83.1710355889516,79.45562608412129,75.01090331753001,61.47425981408727
Male,Associate,Completed,1.3112338654189326,98.74876419148185,57.486592054791245,79.31466654284819,72.72951152938211
Female,Bachelor,None,16.265124114342182,78.54035820875464,77.45211192668822,83.3450891526379,79.92347579372992
Female,Master,None,9.581231115534479,77.00807993349747,73.29367611989154,69.62836133794839,66.05574187025465
Female,Associate,None,13.32454845021255,80.17256477817968,70.78831982517829,79.96863459366051,65.32689532589136
Female,Associate,None,6.880282218623408,75.46671391741287,69.70728616223306,69.67782489010358,62.54934649844838
Male,Master,None,11.838321715187709,86.22670315994796,72.28689133711006,81.46978114605926,63.71011719805418
Male,Bachelor,None,6.839753310479032,100.0,76.87146624899998,74.2317996802232,67.24739130005695
Female,Master,None,8.128693117912585,88.23079273116029,68.7296902226604,84.61684630000072,74.94649410431327
Female,Associate,None,15.742094061600358,82.47646497873713,85.738357767981,94.47339528603642,71.22963453116832
Male,High School,Completed,9.42795279770996,82.08188731084456,67.17627924027124,81.6486715397692,64.51001801225354
Male,High School,None,10.652298619539168,69.36809191303342,65.17467866523357,66.91087472500473,57.11300529628495
Female,Master,Completed,12.610203192066262,93.83109777147159,82.34055114684692,89.20650578124474,74.86090588929167
Male,Associate,Completed,11.487045663917813,84.22162802987198,70.07396806386426,82.73093873765262,65.13736631302807
Female,High School,None,10.451256715430729,83.19520086409375,76.20423559000896,83.5879775394119,73.81527567829043
Female,Associate,None,11.094883007398677,100.0,79.62369818243943,94.98402695468842,82.2445896084533
Male,Master,None,17.210246755714827,87.98752908365687,87.271258476558,89.93701858987387,75.97826921200651
Male,High School,None,9.827143608899243,77.48208949904816,63.42358509428,76.63994689484556,62.533000015084646
Female,Associate,None,10.603297140144903,80.73642403794457,58.76313800528554,81.6332021560603,75.55009735693108
Female,High School,None,13.151963188022837,96.48445709196756,83.5910161090286,99.89773064794862,93.19522008380038
Male,Master,Completed,13.31657779887395,86.13270410537764,91.76258475850129,90.17702186066113,74.72381006929622
Female,Associate,None,13.56109091668114,70.61722021682633,76.35381338126555,81.6572519419951,67.26496696782198
Male,High School,Completed,11.916190666087553,94.19228934575203,80.83222410637916,89.80879274622934,79.30307252404346
Female,Master,None,6.570985261808549,78.31855914461006,60.986795949880786,78.89990910549638,66.32978038566218
Male,High School,Completed,14.900294596903288,100.0,89.91291865786681,99.39925587515242,83.82241869680577
Male,High School,None,6.560963820943936,95.80048065714648,73.75776354633716,78.01629457483594,71.1113014184921
Male,Bachelor,Completed,10.907906395717099,80.52678104341248,66.17513923659621,86.6947780702491,64.80904201866281
Female,Bachelor,None,7.7371724499419265,97.81016361735112,79.95103518190376,88.7813732080187,82.61661019067832
Female,Master,None,9.807584960221023,85.67855510527403,76.03135405028527,78.90329039785354,68.48603493992954
Male,Bachelor,None,10.986287230910442,93.52773675122219,82.32737146597165,85.19860806010276,71.10142072527131
Female,Master,Completed,10.964071646350819,89.84732817294474,79.04418607322265,86.83738209899687,74.02373490809025
Male,Bachelor,None,11.265762262705854,76.53643345009127,70.8978245389273,80.13642744045146,68.92128872746376
Male,High School,Completed,14.841133807175941,78.56450167682539,82.32882463259868,85.38686304501516,64.6534839187875
Female,Master,None,11.36060290454194,95.29960817581161,83.33008056569658,90.77721262951431,85.09646124087763
Female,Master,Completed,9.267530094128054,81.65224667893459,67.59097997301828,86.39243002143473,74.32057217850088
Male,High School,Completed,12.892261504865072,80.96351536758003,73.39827182903565,88.27421723902006,77.83438444345292
Female,Master,Completed,13.568411466773922,75.44877420650647,75.37049151311102,81.57505968038988,75.01779659718213
Female,Master,None,6.317176554589023,89.23599065593461,74.99744919462128,82.72391212928171,66.07331741562388
Male,Bachelor,None,11.792200209549573,100.0,77.38886504082964,87.52568079668666,77.38790413252548
Male,Master,Completed,12.103518226932696,74.32467085745728,64.03174555383183,79.73971510460746,67.453566629192
Female,Associate,None,9.107309489920024,85.24219456672758,71.65952046938642,88.85281272358213,80.31610405494817
Male,High School,None,14.127120439934858,99.12220555415429,88.06978216622696,94.57377451543299,70.02288251058891
Male,Bachelor,None,9.54983323890242,84.20358608754285,72.0681678434283,75.60873186778392,64.99151399302079
Female,Bachelor,None,10.376729360414627,89.52371796249734,76.73508369162042,81.01888037515504,66.80100102120423
Male,Associate,None,9.48078452714839,74.37606471853121,65.03359014038836,68.39865043512937,61.88023510127427
Male,High School,None,10.046737142744403,89.28307097207649,82.18432696453746,79.71613875672398,71.1231319422202
Female,High School,Completed,6.711174739314394,83.12855734995452,56.98210826122347,73.09135602599416,59.9349553466852
Female,Bachelor,Completed,5.6798473522171165,94.85729995679863,64.64585955893232,73.40631590651164,60.164183404329094
Male,Master,None,14.783515189674917,96.87386051564751,87.48768683642835,95.3776807636489,80.74881776813247
Male,Bachelor,None,7.459115955045016,100.0,66.7022878543192,90.70005980150076,73.07683670462457
Female,High School,None,7.025822951631079,90.79633173213576,68.57053974716968,75.47775256599346,69.5921205300554
Female,Associate,Completed,3.5398296591888556,88.25796316582166,69.51599172992863,80.86094200648512,67.84271760295087
Female,Bachelor,None,8.083114756931494,86.94384301577335,69.74258346322947,81.84493838749923,55.941009613391174
Female,High School,None,6.030730619777505,81.46833707189312,63.94913430409498,78.08000110092242,65.58989059762891
Male,Bachelor,Completed,14.926045480409108,88.38483843461691,77.74368635226377,87.13079851212312,69.51191970547863
Female,Master,Completed,13.029451268027902,82.0459858986097,74.00008844516327,88.04439457654075,67.27913658392788
Female,Bachelor,None,7.935548964466829,86.68460976269614,67.33742090866204,73.45441980234136,57.57640265076023
Male,Bachelor,None,16.757307416032926,98.17597535607959,91.01402702632447,100.0,85.54704235916485
Female,High School,Completed,12.945296460974783,74.9345743472036,79.7660990705702,80.23788599875198,75.83351294024274
Male,High School,Completed,9.025505849474133,96.39878561129045,79.03885980821912,89.14378624090939,77.88095136205241
Female,High School,Completed,2.5017828553792807,98.17115067339866,58.531851262772726,71.77739165898384,59.38939638610838
Female,Bachelor,None,16.872827717772225,83.81931473008922,86.88783669274909,86.12548120332885,76.1799059385166
Female,Master,Completed,5.831282599709212,63.78145100991405,56.04439944685937,65.00193559677916,54.70609692632838
Male,Associate,Completed,5.063803759129325,78.92178012905568,65.28924277539282,65.20703369500639,53.69262511018939
Male,Associate,None,13.067711296028921,97.96994546561109,93.02309875770524,95.69956568390566,75.78783920595961
Female,High School,Completed,17.319257219017818,84.77131937701118,81.94870316740189,85.0059884224322,64.24564670418715
Male,High School,None,14.152818455531555,75.0069776770509,71.75483819353687,85.47428535286122,71.42980974949174
Male,Bachelor,Completed,11.69172736015708,79.95225078771783,67.0716908196,74.34632493902377,65.26732740081968
Male,Associate,Completed,11.784263024995859,93.40620026504553,79.10152688697957,91.48161438491873,77.70217315786054
Male,High School,Completed,12.560246676340924,90.4673356820138,82.68595306592043,91.24892609194967,75.91930623382295
Male,Master,None,12.276785769360295,82.61067900830305,80.79558362581761,79.49772696687441,63.869451270015624
Male,Master,None,10.843574271908128,81.33175588185313,71.97327136653021,82.9745477723977,74.420869176343
Female,High School,None,10.312603311855629,81.08241850956178,69.56717826221792,80.42056739018828,62.75079431241771
Female,High School,None,9.812220616301433,75.77589815501497,68.27118027135405,72.48966053649744,66.87186799841533
Male,Associate,None,7.7381062333999715,100.0,71.30049795864983,81.56438592971892,65.24042364914152
Female,Associate,Completed,9.157974769399678,81.7767953078866,79.65204080121653,67.98991088046859,55.629752517609695
Female,Bachelor,Completed,4.921129557413844,97.17158520825497,60.38974658336488,82.4328956975722,63.61239060497939
Female,Associate,None,9.70498111961575,100.0,80.33366513371013,81.73345782261335,67.8797555236625
Female,Master,Completed,7.034226678547247,94.9831089814796,81.6780389439825,83.01792640391517,76.29090341552202
Male,Master,Completed,6.689232048352688,80.68379687281951,63.75436175591513,72.12688511580949,65.27964853486738
Female,High School,Completed,10.539682453460436,89.03730090336609,74.64782018359645,87.62761809940127,79.99420503966121
Female,Associate,Completed,14.176006859033798,84.75804393609084,78.94380857206087,85.60860915275588,76.0976000518744
Male,Bachelor,Completed,12.754949818006939,75.96298139269872,72.5894319235512,78.06297463089417,61.9320305620635
Male,Master,None,5.288498189130469,88.24359281721603,71.5630351602516,79.5382564954668,66.97665907473565
Female,Master,None,7.031115590288987,73.20960208840198,49.60772266813143,71.14772478389526,58.01718418152889
Female,Bachelor,None,12.822313563964649,96.87679388461564,91.75019257671875,93.94032646263024,86.8051356902994
Female,Bachelor,None,7.052537819385071,80.35382702701607,57.16220339002744,76.13744089432987,59.926009483332344
Female,Master,None,9.326100550008926,87.0115965587284,70.82473773320997,73.5182481442149,68.28308696231747
Female,Master,Completed,11.650156297073655,87.83287871546142,75.07052985038472,88.95890507482224,80.63189341040164
Female,Bachelor,None,7.094966635409094,82.41095026295923,68.3381747511514,78.1513640809572,76.6691922733462
Male,Master,None,10.31612651843788,90.86693801475275,68.0751002848334,79.91093694362598,66.8803165917533
Female,High School,Completed,5.997923515245387,80.25096343377476,64.43219207778786,70.92706096476192,65.30325956971035
Female,High School,None,8.195897068146358,93.71297297457244,83.36982874001319,83.32509294882485,83.06833354175409
Male,Bachelor,None,10.959345802427611,71.54020319753252,60.87292318065744,73.69065670015226,60.86431697545333
Male,Associate,None,5.221018799404992,86.26379579546412,64.52246633459401,76.25910550922863,58.332083169721116
Male,Bachelor,None,11.321424213881198,100.0,79.33293753877936,99.13897022997772,74.91112601444337
Male,Bachelor,Completed,9.941086603219956,74.99668675394426,69.50995261437723,80.31847559556063,72.81834062075515
Female,Associate,None,11.657469863251443,78.22255029475149,72.52195376095739,72.85863900457102,53.871160163363896
Female,Associate,None,10.671742402193985,90.13907849658915,73.205589507461,88.2014106527747,73.69953325753015
Female,Associate,Completed,14.092421289921532,86.79581781939598,84.02211291389642,94.86078922419692,83.07519731455234
Female,High School,None,10.375673507943722,88.50630099273559,84.02623806118896,85.60133346100295,74.40694445295193
Female,Master,None,8.711783376624242,89.89187130147664,71.4149834453503,87.45769997175218,77.0933842983226
Female,High School,None,10.366892509096852,91.3472146856177,80.00618207174347,95.42001980351972,82.44746512182006
Male,Master,None,11.629894087109165,96.09699841956223,74.84192259464362,95.221587912936,87.57159939691577
Female,High School,None,10.146580210977113,89.09818656928513,70.06007182250676,84.92532523624538,68.17867828530233
Male,Master,Completed,10.121775073611648,82.58742345381458,73.89929326353247,84.96055905312998,69.58347155021133
Male,High School,Completed,7.894024936579734,91.72573701202731,79.07149852185294,82.60091877757044,67.21743779570224
Female,Associate,None,8.011297247347155,100.0,77.80066123862261,87.13646108744551,78.86012792926947
Male,Bachelor,None,5.792184184600919,83.67366253617426,61.8559094846732,72.13540262003727,67.21031503800513
Female,High School,Completed,15.248730229560818,75.25470695329358,78.1212709628852,90.84298631047791,79.93051564497488
Male,Master,Completed,6.268410293826145,96.07080669286972,64.32018526423856,77.95295612675105,73.27983323585048
Female,Associate,None,7.921284406612278,83.79618836046401,70.7632396252334,84.8214782495874,66.96697826278802
Male,High School,None,7.844778203292408,63.27330453985964,61.73787398813168,67.23047064755625,67.12049707580069
Female,High School,None,12.684773130833324,93.47421677150422,79.84620298325336,83.1151588851428,79.10832021667554
Female,Associate,Completed,9.115150965123917,79.64671814046078,65.70345026168071,78.29900379691945,71.3173130237643
Female,High School,Completed,13.743226218021201,84.0946671769584,80.86317717278185,75.57150709494873,74.36620021981429
Female,Bachelor,Completed,7.979528127268394,88.31980330569014,67.93535922717888,83.08871425847184,63.18785536838861
Female,High School,None,10.836982486671406,86.90499679779066,74.79580029910902,87.82462922362646,72.6374626975879
Male,Bachelor,Completed,7.493958840220728,92.09451817139039,81.53378571196923,78.53586938490507,64.1521782045143
Male,Bachelor,None,16.435447383320167,80.64513629430157,81.95833441006113,88.65799133133909,79.533789683858
Male,Associate,Completed,6.437204742911462,90.13105798176083,66.14823771659724,88.50522907217513,70.55347955972938
Female,High School,None,10.929462130681083,82.40453322416083,69.82348184526678,78.30817960920845,71.43401943405419
Male,Associate,None,11.901330642796296,92.38810480887503,83.71767354752978,82.99032091423645,78.24493745137273
Female,High School,None,11.241397292354495,91.15367484013053,77.15351113868374,93.96261785492305,83.64610878435843
Female,High School,Completed,9.444137023366874,75.64561297955404,63.46421534490364,84.3665092754367,73.91196253865687
Male,Master,Completed,9.610537900799722,95.85982116175032,83.75750654383967,86.95017790748902,69.62077562148748
Male,High School,Completed,10.13143441593733,79.64036554885952,77.1810666288726,83.03868613026349,67.19669407358397
Female,Associate,None,9.558993995114534,93.08057798281145,72.65615915294127,91.89421736001307,84.76346841449379
Male,Bachelor,None,12.891637350384729,88.6728731340134,70.78701151097307,83.8287587432932,75.95975201416123
Female,High School,None,16.631569004774054,100.0,98.30070645873272,97.52082433032174,82.82156186736968
Female,Master,None,8.3275246449765,82.76534017628148,64.61457024929372,83.30486363900731,69.55434318237639
Female,Associate,None,5.890591061262766,81.50683203881802,66.48772613774838,81.16505720872749,59.803006401425115
Female,High School,Completed,9.735153854946235,84.80580394112268,62.02269059189463,83.30061744796473,66.28623186494958
Female,Associate,None,17.739128012962958,81.96820217165724,90.92534380325108,86.39054155492852,83.66952867964143
Male,Master,None,7.588976296090808,92.9994190194205,65.62180245548797,92.11842141428572,72.29245927641625
Male,Master,None,14.917350416332201,68.83689391563412,77.90696838581408,76.02330748481896,66.76604509396057
Female,Associate,None,15.033102442229321,74.46317580853646,77.36915812790903,80.5518702426086,74.47871606006288
Female,High School,Completed,8.339235274876016,74.32197078420808,59.06975884487285,73.81372455528697,57.776366304218115
Male,Bachelor,Completed,11.706949237555826,94.50307591973575,78.63025487034562,97.03307151174906,83.55000958330467
Male,Master,None,14.885189869385615,100.0,93.20197202355473,100.0,89.68957768755328
Female,High School,Completed,8.86261677703754,83.95550781462528,70.2324597269639,80.74155735614103,69.65574249444909
Male,High School,None,9.389258919692915,83.31178276809989,73.3564741257982,81.38740069098984,84.45193583112572
Female,Bachelor,Completed,8.254957258154068,85.70052163113182,79.24237825445147,79.02032220912753,59.87326147291105
Male,Master,None,6.955729807921399,96.6187830260819,64.3996430703285,86.19556210012377,79.25009232951841
Female,Master,Completed,8.052167364801978,75.72646865809426,72.0536319334942,59.86633185358801,52.02905679588809
Male,High School,None,6.32817919971323,87.38368982734785,66.86998300071645,75.43944540062957,69.21115709468702
Female,High School,None,10.102250404777678,94.7519762978243,73.08656871685186,88.211171060445,77.77547260685223
Male,Bachelor,Completed,7.690080306824075,90.01094169939846,63.73406333465243,74.78661506177765,61.163511063872136
Male,Bachelor,None,10.701357735372243,86.89581616598744,73.90502159985303,85.12114289170863,74.2418962756636
Female,Master,None,5.332313061389118,95.01046092567141,72.77810714523623,78.9823900425559,58.89640477705329
Male,Associate,None,10.99264069664337,57.967677070007625,60.33137432640288,75.04694577854708,68.05379412569464
Female,Master,None,12.500586884826774,91.77875319530908,88.44632501854483,96.6832308704999,83.83737702635256
Male,High School,None,4.018793072285634,78.45924316872576,50.01132927867636,65.77470766407309,60.81306697447398
Female,Master,Completed,11.122169709542716,66.69367103143543,65.53073019557287,70.94526862534185,67.04680652570923
Male,Associate,Completed,13.683006977419875,90.11202599524981,76.16005973039906,89.22198823523773,78.21568978923874
Female,Bachelor,Completed,6.371076943926384,98.73658545162958,73.9286060267924,81.5402693060692,70.97266254384675
Male,Associate,None,15.01771716051311,83.62551485372308,86.28262869837425,88.67700957314413,71.53626597520885
Female,Associate,Completed,11.257057028098135,94.52874547202939,77.67467782380571,84.81142248092688,69.28803416649625
Male,Associate,None,7.884964432724773,100.0,62.74885958231387,81.17436997439953,75.87316908040627
Female,Bachelor,None,9.832692767026883,98.14914453584048,79.73469853595647,91.75208199154595,85.58334262176665
Female,Associate,None,11.674980737565168,100.0,85.53365423379788,95.66011902745682,80.3375430404052
Female,Associate,None,10.228016174237235,92.42127491071892,78.68814357864241,81.77321040948723,70.64858206385617
Male,Associate,Completed,11.616267977339108,85.75433638901593,82.28861510829695,88.35378095323122,71.15995288761614
Female,High School,Completed,7.237979220761901,68.98034188102832,53.61086098379272,64.0872853139332,62.13361247748378
Male,Associate,None,10.508082472108233,82.53937511870052,75.68693303081898,81.55157496957256,73.56834409411695
Female,Bachelor,None,5.758856509285059,76.56753404683808,65.76401760437903,73.6805252550927,73.6505073863929
Male,Associate,None,9.6663218159539,100.0,70.43970571187522,89.33141990041229,72.07352053443114
Female,Associate,None,7.288277075605631,83.24114187567663,67.79538421864447,78.15080529952009,65.63060474452499
Male,Bachelor,Completed,7.7934101722307005,86.23204806784486,66.18194522334548,75.84719587961511,66.83498631631996
Male,Associate,None,13.708279525631312,90.51485376040468,82.26637256595673,88.8889986275493,79.3436465906683
Female,Bachelor,None,13.273930361782806,85.43602446372454,81.00425537311956,85.14321306650723,72.03623226546762
Male,Associate,None,11.82741436272153,100.0,81.21868590487529,89.0082298113811,71.84177839683639
Male,Bachelor,Completed,6.723061705982263,78.77350638265548,59.45433620748421,71.46482557298776,66.57889810300807
Female,Associate,None,9.050774650915594,86.94607455237242,71.74534866545753,73.0007152134781,67.00624898351039
Male,Associate,None,13.63929309993755,77.57529414301952,70.63000357707085,79.54834740000751,64.05730741718739
Male,High School,Completed,10.425150740919713,71.79977488779295,61.321063281309975,72.29321357720698,69.61178486729307
Male,High School,None,16.957988619945084,78.88230909094715,86.75399820014627,86.48546962200902,80.03936924359023
Female,Associate,Completed,11.179953518183115,84.62963202951588,68.9307528753309,81.3402222656303,70.74366029874321
Male,Associate,None,10.576147349470094,80.7069777548274,74.83734608089995,78.97958667780094,68.58165865412094
Female,Master,None,9.072650607392497,78.07579020126144,69.49615277968547,77.85165762227592,70.05161495340027
